date,forward_equity,return_pct,open,entered,exited
2026-09-15,500.0,0.0,0,0,0
2026-09-15,500.0,0.0,0,0,0
2026-09-16,500.0,0.0,0,0,0
2026-09-17,500.0,0.0,0,0,0
2026-09-18,500.0,0.0,0,0,0
2026-09-19,500.0,0.0,0,0,0
2026-09-20,500.0,0.0,0,0,0
2026-09-21,500.0,0.0,0,0,0
2026-09-22,500.0,0.0,0,0,0
2026-09-23,500.0,0.0,1,1,0
2026-09-24,498.41,-0.32,3,0,0
2026-09-25,500.24,0.05,3,0,0
2026-09-26,500.85,0.17,3,0,0
2026-09-27,501.09,0.22,3,0,0
2026-09-28,500.56,0.11,3,0,0
2026-09-29,494.94,-1.01,3,0,0
2026-09-30,495.75,-0.85,3,0,0
2026-10-01,496.8,-0.64,3,0,0
2026-10-02,499.31,-0.14,3,0,0
2026-10-03,503.13,0.63,3,0,0
2026-10-04,503.29,0.66,3,0,0
2026-10-05,505.24,1.05,3,0,0
2026-10-06,505.53,1.11,3,0,0
2026-10-07,506.84,1.37,5,2,0
2026-10-08,503.14,0.63,6,1,0
2026-10-09,490.35,-1.93,5,0,1
2026-10-10,491.06,-1.79,4,0,1
